-- Fixed Dummy Data for ChronicareHealth Database
-- This version matches the corrected database schema

INSERT INTO users (id, name, firstName, lastName, email, password, role, phone, gender, dateOfBirth, address, isActive, createdAt, updatedAt) VALUES
(1, 'Admin User', 'Admin', 'User', 'admin@chronicare.com', '$2b$10$hashedpassword', 'admin', '+1234567890', 'male', '1980-01-01', '123 Admin St, City, State', 1, NOW(), NOW()),
(2, 'Dr. Sarah Johnson', 'Sarah', 'Johnson', 'dr.johnson@chronicare.com', '$2b$10$hashedpassword', 'doctor', '+1234567891', 'female', '1985-03-15', '456 Medical Dr, City, State', 1, NOW(), NOW()),
(3, 'Dr. Michael Chen', 'Michael', 'Chen', 'dr.chen@chronicare.com', '$2b$10$hashedpassword', 'doctor', '+1234567892', 'male', '1982-07-22', '789 Health Ave, City, State', 1, NOW(), NOW()),
(4, 'Dr. Emily Rodriguez', 'Emily', 'Rodriguez', 'dr.rodriguez@chronicare.com', '$2b$10$hashedpassword', 'doctor', '+1234567893', 'female', '1988-11-08', '321 Care Blvd, City, State', 1, NOW(), NOW()),
(5, 'Dr. David Thompson', 'David', 'Thompson', 'dr.thompson@chronicare.com', '$2b$10$hashedpassword', 'doctor', '+1234567894', 'male', '1983-05-12', '654 Wellness Rd, City, State', 1, NOW(), NOW()),
(6, 'Dr. Lisa Wang', 'Lisa', 'Wang', 'dr.wang@chronicare.com', '$2b$10$hashedpassword', 'doctor', '+1234567895', 'female', '1987-09-30', '987 Medical Center Dr, City, State', 1, NOW(), NOW()),
(7, 'John Smith', 'John', 'Smith', 'john.smith@email.com', '$2b$10$hashedpassword', 'patient', '+1234567896', 'male', '1990-02-14', '111 Patient St, City, State', 1, NOW(), NOW()),
(8, 'Maria Garcia', 'Maria', 'Garcia', 'maria.garcia@email.com', '$2b$10$hashedpassword', 'patient', '+1234567897', 'female', '1985-06-20', '222 Health Ave, City, State', 1, NOW(), NOW()),
(9, 'Robert Wilson', 'Robert', 'Wilson', 'robert.wilson@email.com', '$2b$10$hashedpassword', 'patient', '+1234567898', 'male', '1978-12-03', '333 Care Blvd, City, State', 1, NOW(), NOW()),
(10, 'Jennifer Brown', 'Jennifer', 'Brown', 'jennifer.brown@email.com', '$2b$10$hashedpassword', 'patient', '+1234567899', 'female', '1992-08-17', '444 Wellness Rd, City, State', 1, NOW(), NOW()),
(11, 'James Davis', 'James', 'Davis', 'james.davis@email.com', '$2b$10$hashedpassword', 'patient', '+1234567900', 'male', '1987-04-25', '555 Medical Dr, City, State', 1, NOW(), NOW()),
(12, 'Patricia Miller', 'Patricia', 'Miller', 'patricia.miller@email.com', '$2b$10$hashedpassword', 'patient', '+1234567901', 'female', '1983-10-11', '666 Health St, City, State', 1, NOW(), NOW()),
(13, 'William Taylor', 'William', 'Taylor', 'william.taylor@email.com', '$2b$10$hashedpassword', 'patient', '+1234567902', 'male', '1995-01-28', '777 Care Ave, City, State', 1, NOW(), NOW()),
(14, 'Linda Anderson', 'Linda', 'Anderson', 'linda.anderson@email.com', '$2b$10$hashedpassword', 'patient', '+1234567903', 'female', '1989-07-05', '888 Wellness Blvd, City, State', 1, NOW(), NOW()),
(15, 'Richard Martinez', 'Richard', 'Martinez', 'richard.martinez@email.com', '$2b$10$hashedpassword', 'patient', '+1234567904', 'male', '1981-03-19', '999 Medical Rd, City, State', 1, NOW(), NOW()),
(16, 'Susan Lee', 'Susan', 'Lee', 'susan.lee@email.com', '$2b$10$hashedpassword', 'patient', '+1234567905', 'female', '1993-11-30', '1010 Health Dr, City, State', 1, NOW(), NOW());

INSERT INTO appointments (id, doctorId, patientId, date, time, status, notes, createdAt, updatedAt) VALUES
(1, 2, 7, '2024-01-15', '09:00:00', 'completed', 'Regular checkup - patient doing well', NOW(), NOW()),
(2, 3, 7, '2024-02-20', '14:30:00', 'upcoming', 'Follow-up appointment', NOW(), NOW()),
(3, 2, 8, '2024-01-10', '10:15:00', 'completed', 'Initial consultation', NOW(), NOW()),
(4, 4, 8, '2024-03-05', '11:00:00', 'upcoming', 'Blood work review', NOW(), NOW()),
(5, 3, 9, '2024-01-22', '15:45:00', 'completed', 'Diabetes management', NOW(), NOW()),
(6, 5, 9, '2024-02-28', '08:30:00', 'upcoming', 'Medication adjustment', NOW(), NOW()),
(7, 4, 10, '2024-01-18', '13:00:00', 'completed', 'Annual physical', NOW(), NOW()),
(8, 6, 10, '2024-03-12', '16:15:00', 'upcoming', 'Specialist consultation', NOW(), NOW()),
(9, 5, 11, '2024-01-25', '09:30:00', 'completed', 'Blood pressure check', NOW(), NOW()),
(10, 2, 11, '2024-02-15', '12:00:00', 'upcoming', 'Follow-up', NOW(), NOW()),
(11, 6, 12, '2024-01-30', '14:00:00', 'completed', 'Cardiology review', NOW(), NOW()),
(12, 3, 12, '2024-03-18', '10:45:00', 'upcoming', 'Stress test', NOW(), NOW()),
(13, 2, 13, '2024-02-05', '11:30:00', 'completed', 'General consultation', NOW(), NOW()),
(14, 4, 13, '2024-03-25', '15:00:00', 'upcoming', 'Lab results review', NOW(), NOW()),
(15, 3, 14, '2024-02-12', '08:00:00', 'completed', 'Medication review', NOW(), NOW()),
(16, 5, 14, '2024-03-30', '13:30:00', 'upcoming', 'Annual checkup', NOW(), NOW()),
(17, 4, 15, '2024-02-18', '16:00:00', 'completed', 'Diabetes follow-up', NOW(), NOW()),
(18, 6, 15, '2024-04-05', '09:15:00', 'upcoming', 'Nutrition consultation', NOW(), NOW()),
(19, 5, 16, '2024-02-25', '12:30:00', 'completed', 'Blood work', NOW(), NOW()),
(20, 2, 16, '2024-04-10', '14:45:00', 'upcoming', 'Follow-up appointment', NOW(), NOW());

INSERT INTO health_metrics (id, userId, type, value, unit, recordedAt, notes, createdAt, updatedAt) VALUES
(1, 7, 'blood_pressure', '120/80', 'mmHg', '2024-01-15 08:00:00', 'Morning reading', NOW(), NOW()),
(2, 7, 'glucose', '95', 'mg/dL', '2024-01-15 08:00:00', 'Fasting glucose', NOW(), NOW()),
(3, 7, 'weight', '75', 'kg', '2024-01-15 08:00:00', 'Morning weight', NOW(), NOW()),
(4, 7, 'blood_pressure', '125/82', 'mmHg', '2024-01-20 18:00:00', 'Evening reading', NOW(), NOW()),
(5, 7, 'glucose', '110', 'mg/dL', '2024-01-20 18:00:00', 'Post-dinner', NOW(), NOW()),
(6, 8, 'blood_pressure', '118/78', 'mmHg', '2024-01-10 07:30:00', 'Morning reading', NOW(), NOW()),
(7, 8, 'glucose', '88', 'mg/dL', '2024-01-10 07:30:00', 'Fasting glucose', NOW(), NOW()),
(8, 8, 'weight', '62', 'kg', '2024-01-10 07:30:00', 'Morning weight', NOW(), NOW()),
(9, 8, 'blood_pressure', '122/80', 'mmHg', '2024-01-25 19:00:00', 'Evening reading', NOW(), NOW()),
(10, 8, 'glucose', '105', 'mg/dL', '2024-01-25 19:00:00', 'Post-dinner', NOW(), NOW()),
(11, 9, 'blood_pressure', '140/90', 'mmHg', '2024-01-22 08:15:00', 'Morning reading - elevated', NOW(), NOW()),
(12, 9, 'glucose', '145', 'mg/dL', '2024-01-22 08:15:00', 'Fasting glucose - high', NOW(), NOW()),
(13, 9, 'weight', '85', 'kg', '2024-01-22 08:15:00', 'Morning weight', NOW(), NOW()),
(14, 9, 'blood_pressure', '145/92', 'mmHg', '2024-02-01 18:30:00', 'Evening reading', NOW(), NOW()),
(15, 9, 'glucose', '160', 'mg/dL', '2024-02-01 18:30:00', 'Post-dinner', NOW(), NOW()),
(16, 10, 'blood_pressure', '115/75', 'mmHg', '2024-01-18 07:45:00', 'Morning reading', NOW(), NOW()),
(17, 10, 'glucose', '92', 'mg/dL', '2024-01-18 07:45:00', 'Fasting glucose', NOW(), NOW()),
(18, 10, 'weight', '58', 'kg', '2024-01-18 07:45:00', 'Morning weight', NOW(), NOW()),
(19, 10, 'blood_pressure', '118/77', 'mmHg', '2024-02-05 19:15:00', 'Evening reading', NOW(), NOW()),
(20, 10, 'glucose', '108', 'mg/dL', '2024-02-05 19:15:00', 'Post-dinner', NOW(), NOW()),
(21, 11, 'blood_pressure', '130/85', 'mmHg', '2024-01-25 08:30:00', 'Morning reading', NOW(), NOW()),
(22, 11, 'glucose', '98', 'mg/dL', '2024-01-25 08:30:00', 'Fasting glucose', NOW(), NOW()),
(23, 11, 'weight', '78', 'kg', '2024-01-25 08:30:00', 'Morning weight', NOW(), NOW()),
(24, 11, 'blood_pressure', '135/88', 'mmHg', '2024-02-10 18:45:00', 'Evening reading', NOW(), NOW()),
(25, 11, 'glucose', '115', 'mg/dL', '2024-02-10 18:45:00', 'Post-dinner', NOW(), NOW()),
(26, 12, 'blood_pressure', '125/80', 'mmHg', '2024-01-30 07:15:00', 'Morning reading', NOW(), NOW()),
(27, 12, 'glucose', '90', 'mg/dL', '2024-01-30 07:15:00', 'Fasting glucose', NOW(), NOW()),
(28, 12, 'weight', '65', 'kg', '2024-01-30 07:15:00', 'Morning weight', NOW(), NOW()),
(29, 12, 'blood_pressure', '128/82', 'mmHg', '2024-02-15 19:30:00', 'Evening reading', NOW(), NOW()),
(30, 12, 'glucose', '112', 'mg/dL', '2024-02-15 19:30:00', 'Post-dinner', NOW(), NOW()),
(31, 13, 'blood_pressure', '110/70', 'mmHg', '2024-02-05 08:00:00', 'Morning reading', NOW(), NOW()),
(32, 13, 'glucose', '85', 'mg/dL', '2024-02-05 08:00:00', 'Fasting glucose', NOW(), NOW()),
(33, 13, 'weight', '70', 'kg', '2024-02-05 08:00:00', 'Morning weight', NOW(), NOW()),
(34, 13, 'blood_pressure', '112/72', 'mmHg', '2024-02-20 18:00:00', 'Evening reading', NOW(), NOW()),
(35, 13, 'glucose', '100', 'mg/dL', '2024-02-20 18:00:00', 'Post-dinner', NOW(), NOW()),
(36, 14, 'blood_pressure', '135/88', 'mmHg', '2024-02-12 07:30:00', 'Morning reading', NOW(), NOW()),
(37, 14, 'glucose', '125', 'mg/dL', '2024-02-12 07:30:00', 'Fasting glucose', NOW(), NOW()),
(38, 14, 'weight', '72', 'kg', '2024-02-12 07:30:00', 'Morning weight', NOW(), NOW()),
(39, 14, 'blood_pressure', '140/90', 'mmHg', '2024-02-25 19:00:00', 'Evening reading', NOW(), NOW()),
(40, 14, 'glucose', '135', 'mg/dL', '2024-02-25 19:00:00', 'Post-dinner', NOW(), NOW()),
(41, 15, 'blood_pressure', '150/95', 'mmHg', '2024-02-18 08:15:00', 'Morning reading - high', NOW(), NOW()),
(42, 15, 'glucose', '155', 'mg/dL', '2024-02-18 08:15:00', 'Fasting glucose - high', NOW(), NOW()),
(43, 15, 'weight', '90', 'kg', '2024-02-18 08:15:00', 'Morning weight', NOW(), NOW()),
(44, 15, 'blood_pressure', '155/98', 'mmHg', '2024-03-05 18:30:00', 'Evening reading', NOW(), NOW()),
(45, 15, 'glucose', '170', 'mg/dL', '2024-03-05 18:30:00', 'Post-dinner', NOW(), NOW()),
(46, 16, 'blood_pressure', '120/78', 'mmHg', '2024-02-25 07:45:00', 'Morning reading', NOW(), NOW()),
(47, 16, 'glucose', '95', 'mg/dL', '2024-02-25 07:45:00', 'Fasting glucose', NOW(), NOW()),
(48, 16, 'weight', '60', 'kg', '2024-02-25 07:45:00', 'Morning weight', NOW(), NOW()),
(49, 16, 'blood_pressure', '122/80', 'mmHg', '2024-03-10 19:15:00', 'Evening reading', NOW(), NOW()),
(50, 16, 'glucose', '110', 'mg/dL', '2024-03-10 19:15:00', 'Post-dinner', NOW(), NOW());

INSERT INTO medications (id, userId, name, dosage, frequency, startDate, endDate, isActive, doctorId, status, notes, createdAt, updatedAt) VALUES
(1, 7, 'Lisinopril', '10mg', 'Once daily', '2024-01-15', '2024-07-15', 1, 2, 'active', 'For blood pressure control', NOW(), NOW()),
(2, 7, 'Metformin', '500mg', 'Twice daily', '2024-02-20', '2024-08-20', 1, 3, 'active', 'For diabetes management', NOW(), NOW()),
(3, 8, 'Atorvastatin', '20mg', 'Once daily', '2024-01-10', '2024-07-10', 1, 2, 'active', 'For cholesterol control', NOW(), NOW()),
(4, 8, 'Vitamin D3', '1000 IU', 'Once daily', '2024-03-05', '2024-09-05', 1, 4, 'active', 'Supplement', NOW(), NOW()),
(5, 9, 'Metformin', '1000mg', 'Twice daily', '2024-01-22', '2024-07-22', 1, 3, 'active', 'For diabetes control', NOW(), NOW()),
(6, 9, 'Losartan', '50mg', 'Once daily', '2024-02-28', '2024-08-28', 1, 5, 'active', 'For blood pressure', NOW(), NOW()),
(7, 10, 'Multivitamin', '1 tablet', 'Once daily', '2024-01-18', '2024-07-18', 1, 4, 'active', 'General health', NOW(), NOW()),
(8, 10, 'Iron supplement', '65mg', 'Once daily', '2024-03-12', '2024-09-12', 1, 6, 'active', 'For iron deficiency', NOW(), NOW()),
(9, 11, 'Amlodipine', '5mg', 'Once daily', '2024-01-25', '2024-07-25', 1, 5, 'active', 'For blood pressure', NOW(), NOW()),
(10, 11, 'Aspirin', '81mg', 'Once daily', '2024-02-15', '2024-08-15', 1, 2, 'active', 'Blood thinner', NOW(), NOW()),
(11, 12, 'Carvedilol', '25mg', 'Twice daily', '2024-01-30', '2024-07-30', 1, 6, 'active', 'For heart condition', NOW(), NOW()),
(12, 12, 'Furosemide', '40mg', 'Once daily', '2024-03-18', '2024-09-18', 1, 3, 'active', 'Diuretic', NOW(), NOW()),
(13, 13, 'Vitamin B12', '1000mcg', 'Once daily', '2024-02-05', '2024-08-05', 1, 2, 'active', 'Supplement', NOW(), NOW()),
(14, 13, 'Omega-3', '1000mg', 'Once daily', '2024-03-25', '2024-09-25', 1, 4, 'active', 'Heart health', NOW(), NOW()),
(15, 14, 'Glipizide', '5mg', 'Twice daily', '2024-02-12', '2024-08-12', 1, 3, 'active', 'For diabetes', NOW(), NOW()),
(16, 14, 'Hydrochlorothiazide', '25mg', 'Once daily', '2024-03-30', '2024-09-30', 1, 5, 'active', 'For blood pressure', NOW(), NOW()),
(17, 15, 'Insulin Glargine', '20 units', 'Once daily', '2024-02-18', '2024-08-18', 1, 4, 'active', 'For diabetes control', NOW(), NOW()),
(18, 15, 'Simvastatin', '40mg', 'Once daily', '2024-04-05', '2024-10-05', 1, 6, 'active', 'For cholesterol', NOW(), NOW()),
(19, 16, 'Calcium Carbonate', '500mg', 'Twice daily', '2024-02-25', '2024-08-25', 1, 5, 'active', 'For bone health', NOW(), NOW()),
(20, 16, 'Folic Acid', '400mcg', 'Once daily', '2024-04-10', '2024-10-10', 1, 2, 'active', 'Supplement', NOW(), NOW());

INSERT INTO medication_logs (id, medicationId, patientId, takenAt, status, notes, createdAt, updatedAt) VALUES
(1, 1, 7, '2024-01-15 08:00:00', 'taken', 'Morning dose', NOW(), NOW()),
(2, 1, 7, '2024-01-16 08:00:00', 'taken', 'Morning dose', NOW(), NOW()),
(3, 1, 7, '2024-01-17 08:00:00', 'missed', 'Forgot to take', NOW(), NOW()),
(4, 1, 7, '2024-01-18 08:00:00', 'taken', 'Morning dose', NOW(), NOW()),
(5, 2, 7, '2024-02-20 08:00:00', 'taken', 'Morning dose', NOW(), NOW()),
(6, 2, 7, '2024-02-20 20:00:00', 'taken', 'Evening dose', NOW(), NOW()),
(7, 2, 7, '2024-02-21 08:00:00', 'taken', 'Morning dose', NOW(), NOW()),
(8, 2, 7, '2024-02-21 20:00:00', 'missed', 'Forgot evening dose', NOW(), NOW()),
(9, 3, 8, '2024-01-10 08:00:00', 'taken', 'Morning dose', NOW(), NOW()),
(10, 3, 8, '2024-01-11 08:00:00', 'taken', 'Morning dose', NOW(), NOW()),
(11, 3, 8, '2024-01-12 08:00:00', 'taken', 'Morning dose', NOW(), NOW()),
(12, 3, 8, '2024-01-13 08:00:00', 'taken', 'Morning dose', NOW(), NOW()),
(13, 4, 8, '2024-03-05 08:00:00', 'taken', 'Morning dose', NOW(), NOW()),
(14, 4, 8, '2024-03-06 08:00:00', 'taken', 'Morning dose', NOW(), NOW()),
(15, 5, 9, '2024-01-22 08:00:00', 'taken', 'Morning dose', NOW(), NOW()),
(16, 5, 9, '2024-01-22 20:00:00', 'taken', 'Evening dose', NOW(), NOW()),
(17, 5, 9, '2024-01-23 08:00:00', 'taken', 'Morning dose', NOW(), NOW()),
(18, 5, 9, '2024-01-23 20:00:00', 'taken', 'Evening dose', NOW(), NOW()),
(19, 6, 9, '2024-02-28 08:00:00', 'taken', 'Morning dose', NOW(), NOW()),
(20, 6, 9, '2024-03-01 08:00:00', 'taken', 'Morning dose', NOW(), NOW());

INSERT INTO reports (id, userId, data, createdAt, title, type, generatedAt, updatedAt) VALUES
(1, 7, '{"blood_pressure": "120/80", "glucose": "95", "weight": "75kg", "status": "healthy"}', NOW(), 'Health Summary Report - John Smith', 'health_summary', '2024-01-15 10:00:00', NOW()),
(2, 8, '{"blood_pressure": "118/78", "glucose": "88", "weight": "62kg", "status": "healthy"}', NOW(), 'Health Summary Report - Maria Garcia', 'health_summary', '2024-01-10 11:00:00', NOW()),
(3, 9, '{"glucose_avg": "152", "blood_pressure": "142/91", "recommendations": "Continue medication, monitor diet"}', NOW(), 'Diabetes Management Report - Robert Wilson', 'diabetes_report', '2024-01-22 14:00:00', NOW()),
(4, 10, '{"blood_pressure": "115/75", "glucose": "92", "weight": "58kg", "status": "healthy"}', NOW(), 'Health Summary Report - Jennifer Brown', 'health_summary', '2024-01-18 09:00:00', NOW()),
(5, 11, '{"systolic_avg": "132", "diastolic_avg": "86", "recommendations": "Continue medication, reduce salt intake"}', NOW(), 'Blood Pressure Report - James Davis', 'bp_report', '2024-01-25 15:00:00', NOW()),
(6, 12, '{"heart_rate": "72", "blood_pressure": "126/81", "recommendations": "Continue beta blocker, regular exercise"}', NOW(), 'Cardiac Health Report - Patricia Miller', 'cardiac_report', '2024-01-30 16:00:00', NOW()),
(7, 13, '{"blood_pressure": "110/70", "glucose": "85", "weight": "70kg", "status": "excellent"}', NOW(), 'Health Summary Report - William Taylor', 'health_summary', '2024-02-05 10:30:00', NOW()),
(8, 14, '{"glucose_avg": "130", "recommendations": "Adjust medication dosage, monitor blood sugar"}', NOW(), 'Diabetes Report - Linda Anderson', 'diabetes_report', '2024-02-12 13:00:00', NOW()),
(9, 15, '{"diabetes": "poorly controlled", "hypertension": "present", "recommendations": "Intensive management needed"}', NOW(), 'Comprehensive Health Report - Richard Martinez', 'comprehensive', '2024-02-18 17:00:00', NOW()),
(10, 16, '{"blood_pressure": "120/78", "glucose": "95", "weight": "60kg", "status": "healthy"}', NOW(), 'Health Summary Report - Susan Lee', 'health_summary', '2024-02-25 11:30:00', NOW());

INSERT INTO care_plans (id, title, description, patientId, createdBy, startDate, endDate, status, goals, createdAt, updatedAt) VALUES
(1, 'Blood Pressure Management', 'Monitor and control blood pressure through medication and lifestyle changes', 7, 2, '2024-01-15', '2024-07-15', 'active', 'Maintain BP below 130/80', NOW(), NOW()),
(2, 'Diabetes Prevention', 'Prevent development of diabetes through diet and exercise', 7, 3, '2024-02-20', '2024-08-20', 'active', 'Keep glucose levels normal', NOW(), NOW()),
(3, 'Cholesterol Management', 'Lower cholesterol levels through medication and diet', 8, 2, '2024-01-10', '2024-07-10', 'active', 'Reduce LDL to target levels', NOW(), NOW()),
(4, 'Diabetes Management', 'Control blood sugar levels through medication and monitoring', 9, 3, '2024-01-22', '2024-07-22', 'active', 'Maintain HbA1c below 7%', NOW(), NOW()),
(5, 'Hypertension Control', 'Manage high blood pressure through medication', 9, 5, '2024-02-28', '2024-08-28', 'active', 'Keep BP below 140/90', NOW(), NOW()),
(6, 'General Wellness', 'Maintain overall health through supplements and lifestyle', 10, 4, '2024-01-18', '2024-07-18', 'active', 'Maintain current health status', NOW(), NOW()),
(7, 'Blood Pressure Control', 'Manage elevated blood pressure', 11, 5, '2024-01-25', '2024-07-25', 'active', 'Reduce BP to normal range', NOW(), NOW()),
(8, 'Cardiac Health', 'Manage heart condition and prevent complications', 12, 6, '2024-01-30', '2024-07-30', 'active', 'Improve heart function', NOW(), NOW()),
(9, 'Nutrition Optimization', 'Optimize nutrition through supplements', 13, 2, '2024-02-05', '2024-08-05', 'active', 'Improve vitamin levels', NOW(), NOW()),
(10, 'Diabetes Management', 'Control diabetes through medication and monitoring', 14, 3, '2024-02-12', '2024-08-12', 'active', 'Stabilize blood sugar', NOW(), NOW()),
(11, 'Intensive Diabetes Management', 'Comprehensive diabetes control program', 15, 4, '2024-02-18', '2024-08-18', 'active', 'Achieve target glucose levels', NOW(), NOW()),
(12, 'Bone Health', 'Improve bone density through supplements', 16, 5, '2024-02-25', '2024-08-25', 'active', 'Maintain bone health', NOW(), NOW());

INSERT INTO alerts (id, userId, type, message, severity, isRead, createdAt, updatedAt) VALUES
(1, 9, 'high_glucose', 'Blood glucose reading is elevated: 145 mg/dL', 'high', 0, NOW(), NOW()),
(2, 9, 'high_blood_pressure', 'Blood pressure reading is high: 140/90 mmHg', 'high', 0, NOW(), NOW()),
(3, 15, 'critical_glucose', 'Blood glucose reading is critically high: 155 mg/dL', 'critical', 0, NOW(), NOW()),
(4, 15, 'critical_blood_pressure', 'Blood pressure reading is critically high: 150/95 mmHg', 'critical', 0, NOW(), NOW()),
(5, 14, 'high_glucose', 'Blood glucose reading is elevated: 125 mg/dL', 'medium', 1, NOW(), NOW()),
(6, 11, 'missed_medication', 'Missed medication dose: Lisinopril', 'medium', 0, NOW(), NOW()),
(7, 7, 'upcoming_appointment', 'Appointment reminder: Tomorrow at 14:30', 'low', 0, NOW(), NOW()),
(8, 8, 'lab_results', 'New lab results available for review', 'medium', 0, NOW(), NOW()),
(9, 12, 'medication_refill', 'Medication refill needed: Carvedilol', 'medium', 0, NOW(), NOW()),
(10, 13, 'health_goal', 'Congratulations! You\'ve met your health goal', 'low', 1, NOW(), NOW()); 